Id;Ano;Mes;Fornecedor_Id;Valor_dia;Regiao_Id;Zona_Id;Categoria_Id
16;2026;1;804;14800;27;5;2
69;2026;5;849;10000;20;4;2
77;2026;6;828;22200;1;1;2
100;2026;6;873;14800;26;5;2
135;2026;2;895;25000;2;2;2
136;2026;2;896;25000;1;1;2
137;2026;2;897;25000;1;1;2
138;2026;2;898;25000;1;1;2
139;2026;2;899;25000;22;4;2
140;2026;1;11;25000;1;1;2
141;2026;1;12;25000;32;6;2
158;2026;1;833;20000;20;4;2
160;2026;1;840;30000;1;1;2
170;2026;1;833;20000;1;1;2
174;2026;1;833;20000;28;5;2
193;2026;1;926;25000;32;6;2
204;2026;1;933;25000;5;2;2
211;2026;1;6831;25000;13;3;2
212;2026;1;20;25000;32;6;2
213;2026;1;871;25000;16;3;2
214;2026;1;938;25000;26;5;2
215;2026;1;939;25000;32;6;2
216;2026;1;21;25000;32;6;2
217;2026;1;22;25000;16;3;2
218;2026;1;940;25000;32;6;2
219;2026;1;23;25000;8;2;2
220;2026;1;941;25000;32;6;2
221;2026;1;24;25000;32;6;2
222;2026;1;25;25000;32;6;2
223;2026;1;942;25000;32;6;2
224;2026;1;26;25000;32;6;2
225;2026;1;943;25000;32;6;2
226;2026;1;944;25000;32;6;2
227;2026;1;27;25000;32;6;2
228;2026;1;28;25000;32;6;2
229;2026;1;29;25000;32;6;2
230;2026;1;30;25000;32;6;2
231;2026;1;31;25000;14;3;2
232;2026;1;32;25000;32;6;2
233;2026;1;33;25000;32;6;2
250;2026;1;6831;25000;13;3;2
256;2026;1;47;25000;32;6;2
257;2026;1;950;25000;13;3;2
258;2026;1;48;25000;32;6;2
272;2026;1;957;20672;7;2;2
280;2026;1;963;40000;26;5;2
282;2026;1;965;25000;32;6;2
283;2026;1;966;25000;1;1;2
284;2026;1;967;25000;32;6;2
285;2026;1;968;25000;32;6;2
286;2026;1;969;25000;32;6;2
287;2026;1;970;25000;32;6;2
288;2026;1;971;25000;32;6;2
299;2026;1;978;23000;20;4;2
317;2026;1;986;30000;2;2;2
333;2026;1;1000;14800;24;5;2
366;2026;1;1020;15000;9;2;2
408;2026;11;1047;39666,67;31;5;2
448;2026;4;1021;20000;14;3;2
530;2026;2;915;10000;26;5;2
533;2026;2;804;14800;26;5;2
541;2026;1;1104;45000;32;6;2
572;2026;2;1132;15000;28;5;2
607;2026;2;1146;14800;28;5;2
630;2026;2;1159;16500;4;2;2
641;2026;2;87;25000;1;1;2
642;2026;2;88;25000;32;6;2
643;2026;2;30;25000;14;3;2
661;2026;11;903;49900;16;3;2
1061;2025;5;1321;32000;14;3;2
1064;2025;9;1322;12000;20;4;2
1303;2025;9;255;12350;32;6;2
1380;2025;9;326;12350;32;6;2
1381;2025;11;327;27625;32;6;2
1382;2025;8;328;25350;32;6;2
1383;2025;9;329;27625;31;5;2
1384;2025;8;55;27625;32;6;2
1385;2025;8;330;27625;32;6;2
1386;2025;8;331;27625;32;6;2
1387;2025;8;332;27625;32;6;2
2434;2025;4;1649;44400;32;6;2
2435;2025;4;1650;18000;20;4;2
2436;2025;4;1651;15000;1;1;2
2442;2025;6;1653;12500;20;4;2
2444;2025;5;1149;35000;2;2;2
2819;2025;6;15;40000;2;2;2
2820;2025;6;534;40000;17;3;2
2821;2025;6;535;40000;28;5;2
2822;2025;6;536;40000;32;6;2
2823;2025;6;537;40000;32;6;2
2824;2025;6;538;40000;32;6;2
2825;2025;6;539;40000;32;6;2
2826;2025;6;540;40000;32;6;2
2830;2025;6;1738;49950;17;3;2
2837;2025;3;1743;13200;7;2;2
2838;2025;5;1744;15000;2;2;2
2839;2025;6;1104;20000;1;1;2
2845;2025;8;1747;15000;1;1;2
2849;2025;3;1750;29250;5;2;2
2851;2025;10;1752;35000;1;1;2
2865;2025;5;1756;22200;17;3;2
2870;2025;2;1760;16000;3;2;2
2876;2025;4;1763;40000;1;1;2
2879;2025;7;1764;40000;13;3;2
2880;2025;10;1764;41918,92;16;3;2
2893;2025;7;1767;18000;30;5;2
2895;2025;7;1768;35714,28571;8;2;2
2896;2025;2;1769;24750;32;6;2
2906;2025;12;1021;30000;1;1;2
2909;2025;10;1774;14800;7;2;2
2910;2025;9;903;40000;25;5;2
2911;2025;3;886;15000;25;5;2
2912;2025;8;850;20000;22;4;2
2921;2025;3;1780;10000;5;2;2
2922;2025;5;1742;34246,16;7;2;2
2924;2025;9;1781;17000;15;3;2
2929;2025;2;1785;10000;2;2;2
2930;2025;4;1786;24000;1;1;2
2933;2025;5;1788;40000;31;5;2
2935;2025;5;1112;19000;26;5;2
2949;2025;9;955;12000;24;5;2
2950;2025;4;1384;20000;1;1;2
2954;2025;5;1795;20000;1;1;2
2955;2025;8;1795;15000;15;3;2
2965;2025;12;921;34346,67;3;2;2
2966;2025;6;921;36300;3;2;2
2974;2025;4;1650;36000;1;1;2
2980;2025;4;1650;49500;13;3;2
2981;2025;9;1801;32670,81;13;3;2
2984;2025;8;1804;30000;1;1;2
2994;2025;5;1377;10000;1;1;2
3005;2025;5;912;18000;26;5;2
3011;2025;4;1650;49305,55;25;5;2
3012;2025;5;1817;22200;32;6;2
3017;2025;9;1820;30000;1;1;2
3018;2025;12;1820;30000;2;2;2
3019;2025;8;1820;30000;2;2;2
3027;2025;1;1825;33090;8;2;2
3028;2025;8;1740;10000;8;2;2
3049;2025;3;1835;18000;23;5;2
3050;2025;5;1835;42300;9;2;2
3059;2025;5;1837;15300;24;5;2
3062;2025;2;1838;35000;4;2;2
3063;2025;7;1838;35000;1;1;2
3064;2025;6;1838;35000;28;5;2
3065;2025;3;1838;35000;32;6;2
3076;2025;5;1842;32500;31;5;2
3084;2025;4;983;36666,66667;32;6;2
3094;2025;4;983;49000;5;2;2
3098;2025;9;903;40000;13;3;2
3099;2025;9;903;14257,14286;1;1;2
3101;2025;7;983;29000;9;2;2
3102;2025;5;983;29000;9;2;2
3103;2025;3;983;28000;32;6;2
3104;2025;5;804;14800;13;3;2
3105;2025;6;809;42491,67;13;3;2
3119;2025;5;1844;25000;1;1;2
3123;2025;5;1845;30000;24;5;2
3124;2025;5;1412;10000;24;5;2
3126;2025;9;1846;24987,5;31;5;2
3132;2025;7;1149;12000;29;5;2
3133;2025;8;1149;18000;4;2;2
3134;2025;3;1849;21000;3;2;2
3137;2025;7;1851;20000;25;5;2
3140;2025;12;1852;30000;28;5;2
3149;2025;3;1752;40000;17;3;2
3155;2025;3;1857;38000;1;1;2
3177;2025;9;1863;10000;10;2;2
3182;2025;5;1866;10000;3;2;2
3192;2025;7;1869;40000;32;6;2
3193;2025;5;1870;15000;4;2;2
3196;2025;9;1863;20000;4;2;2
3200;2025;5;1872;15000;1;1;2
3203;2025;5;1873;20000;24;5;2
3204;2025;4;1874;11250;24;5;2
3205;2025;6;1875;15000;14;3;2
3206;2025;4;1876;14500;1;1;2
3207;2025;5;1877;25000;30;5;2
3208;2025;6;1877;25000;21;4;2
3210;2025;1;871;20000;23;5;2
3211;2025;5;871;30000;23;5;2
3214;2025;4;1878;29600;26;5;2
3215;2025;4;1879;45000;1;1;2
3219;2025;8;1758;12000;32;6;2
3220;2025;8;1746;22857,14286;32;6;2
3223;2025;8;1820;30000;3;2;2
3224;2025;8;1846;19800;1;1;2
3226;2025;8;1846;27000;17;3;2
3233;2025;5;1742;12323,33;3;2;2
3234;2025;5;1742;15950;17;3;2
3236;2025;7;1883;24000;1;1;2
3240;2025;5;1886;35000;26;5;2
3242;2025;5;1537;30000;2;2;2
3245;2025;5;1888;22200;1;1;2
3249;2025;10;1752;40000;9;2;2
3254;2025;4;1893;15000;1;1;2
3256;2025;10;1894;12000;16;3;2
3257;2025;5;1895;25000;1;1;2
3261;2025;12;1104;21500;22;4;2
3262;2025;3;1104;36000;1;1;2
3263;2025;7;1104;16125;1;1;2
3264;2025;7;1104;21500;2;2;2
3265;2025;5;1104;18300;2;2;2
3266;2025;5;1104;18300;2;2;2
3267;2025;6;1104;18300;2;2;2
3268;2025;8;1104;21500;2;2;2
3270;2025;1;1899;40000;2;2;2
3286;2025;4;833;22000;25;5;2
3287;2025;6;833;20000;10;2;2
3292;2025;7;1909;40000;32;6;2
3294;2025;4;833;22000;10;2;2
3295;2025;7;833;20000;20;4;2
3304;2025;1;814;14800;1;1;2
3309;2025;5;814;14800;27;5;2
3310;2025;5;1913;24000;27;5;2
3311;2025;4;1914;32000;27;5;2
3315;2025;5;1917;15000;14;3;2
3317;2025;4;1461;12000;4;2;2
3320;2025;5;1919;15000;7;2;2
3337;2025;6;1846;27857,14286;20;4;2
3341;2025;7;1848;36073;29;5;2
3350;2025;9;1816;35000;32;6;2
3353;2025;9;989;20000;29;5;2
3364;2025;6;1764;21500;32;6;2
3365;2025;4;1764;17667;31;5;2
3366;2025;12;1764;23000;31;5;2
3367;2025;1;1764;23000;26;5;2
3371;2025;5;1930;25000;29;5;2
3389;2025;5;992;44600;32;6;2
3391;2025;5;1764;10000;3;2;2
3394;2025;6;1938;10000;26;5;2
3408;2025;5;1873;30000;1;1;2
3415;2025;4;1953;14800;23;5;2
3417;2025;5;1955;36000;25;5;2
3418;2025;2;1956;18600;32;6;2
3425;2025;5;1764;21500;1;1;2
3437;2025;5;1910;15000;14;3;2
3441;2025;5;1968;20000;2;2;2
3444;2025;5;1969;20000;26;5;2
3445;2025;11;1969;40000;4;2;2
3447;2025;3;971;15000;15;3;2
3448;2025;5;971;18000;15;3;2
3449;2025;12;1188;11000;1;1;2
3452;2025;5;1910;30000;13;3;2
3453;2025;5;1971;10000;22;4;2
3466;2025;6;1752;35000;4;2;2
3467;2025;6;1752;35000;26;5;2
3468;2025;7;1752;35000;32;6;2
3478;2025;3;1978;30000;13;3;2
3483;2025;5;1980;34000;1;1;2
3484;2025;6;1980;34000;3;2;2
3486;2025;5;1981;10000;9;2;2
3487;2025;5;1981;10000;9;2;2
3488;2025;8;1981;15000;5;2;2
3489;2025;8;1982;15000;5;2;2
3503;2025;8;1369;14800;17;3;2
3504;2025;5;1987;40000;17;3;2
3505;2025;5;1742;26024,66;1;1;2
3516;2025;5;1993;15000;7;2;2
3517;2025;5;1652;10000;32;6;2
3528;2025;5;1998;35000;31;5;2
3532;2025;2;1477;20000;3;2;2
3533;2025;4;1477;20000;5;2;2
3534;2025;4;2000;40000;10;2;2
3543;2025;9;886;10000;25;5;2
3546;2025;5;1995;26666,66;2;2;2
3547;2025;5;2006;30000;2;2;2
3548;2025;8;1602;20000;1;1;2
3552;2025;5;2007;22200;5;2;2
3555;2025;3;1986;12000;32;6;2
3570;2025;11;836;12496,49;4;2;2
3571;2025;5;2010;14000;4;2;2
3573;2025;6;809;44758,33;21;4;2
3587;2025;5;1895;20000;13;3;2
3597;2025;3;1956;26000;27;5;2
3609;2025;5;1648;22200;5;2;2
3615;2025;6;1978;40000;26;5;2
3616;2025;4;1978;10666,66667;15;3;2
3621;2025;5;2025;35000;16;3;2
3627;2025;4;2028;18000;1;1;2
3632;2025;5;1782;38000;26;5;2
3633;2025;5;1782;38000;26;5;2
3634;2025;1;2030;20000;2;2;2
3635;2025;5;2030;20000;2;2;2
3640;2025;8;850;15000;29;5;2
3641;2025;5;850;15000;25;5;2
3645;2025;8;2034;22200;16;3;2
3653;2025;6;809;42050;21;4;2
3655;2025;5;1377;22000;23;5;2
3659;2025;1;836;11000;26;5;2
3671;2025;4;1920;30000;7;2;2
3672;2025;4;1920;30000;1;1;2
3675;2025;4;2041;30000;17;3;2
3676;2025;5;2042;14000;6;2;2
3680;2025;9;1104;45000;1;1;2
3681;2025;11;1104;45000;1;1;2
3682;2025;7;1104;30000;2;2;2
3683;2025;10;1104;45000;2;2;2
3684;2025;8;1104;45000;2;2;2
3685;2025;12;2045;49000;2;2;2
3687;2025;8;983;38000;2;2;2
3688;2025;3;983;38000;32;6;2
3691;2025;2;2047;20000;13;3;2
3695;2025;5;992;12000;1;1;2
3699;2025;4;861;38700;30;5;2
3700;2025;3;887;33500;3;2;2
3701;2025;5;887;35000;1;1;2
3712;2025;5;1829;13000;14;3;2
3720;2025;8;2053;31500;13;3;2
3728;2025;8;1599;10000;21;4;2
3729;2025;5;2057;20000;26;5;2
3736;2025;5;978;30000;9;2;2
3738;2025;3;2001;28000;30;5;2
3757;2025;5;2071;35000;2;2;2
3768;2025;5;1920;35000;24;5;2
3788;2025;6;859;43666,66;1;1;2
3794;2025;4;2084;46000;27;5;2
3806;2025;5;2087;11500;28;5;2
3820;2025;6;921;34000;17;3;2
3828;2025;10;1747;33500;22;4;2
3829;2025;5;2094;29600;4;2;2
3842;2025;5;988;15000;2;2;2
3843;2025;5;988;15000;5;2;2
3846;2025;6;2095;18000;1;1;2
3854;2025;5;1925;10000;1;1;2
3855;2025;1;2100;40000;29;5;2
3857;2025;6;2051;35000;1;1;2
3858;2025;3;2051;10000;1;1;2
3859;2025;5;1809;40000;1;1;2
3862;2025;5;1906;35000;3;2;2
3866;2025;1;2104;45000;9;2;2
3867;2025;4;2105;16000;31;5;2
3873;2025;6;1820;30000;21;4;2
3874;2025;8;1820;30000;20;4;2
3875;2025;3;1820;30000;17;3;2
3876;2025;6;1820;30000;17;3;2
3881;2025;5;2107;22200;14;3;2
3887;2025;5;2108;28000;32;6;2
3891;2025;5;2112;22200;16;3;2
3901;2025;3;2119;18500;16;3;2
3902;2025;6;2119;30000;1;1;2
3903;2025;5;2119;24000;17;3;2
3904;2025;6;2119;30000;17;3;2
3905;2025;3;2119;12000;17;3;2
3906;2025;6;2119;30000;17;3;2
3907;2025;4;2119;30000;17;3;2
3908;2025;9;2119;18500;17;3;2
3909;2025;4;2119;30000;17;3;2
3910;2025;7;1016;45714,28571;17;3;2
3918;2025;1;1814;40000;16;3;2
3922;2025;4;1021;20000;13;3;2
3923;2025;6;1384;13000;7;2;2
3925;2025;7;2122;34900;7;2;2
3928;2025;1;903;23000;1;1;2
3929;2025;11;903;20000;9;2;2
3930;2025;6;2051;30000;9;2;2
3931;2025;8;2051;30000;9;2;2
3932;2025;3;2051;30000;9;2;2
3933;2025;6;2051;30000;1;1;2
3934;2025;10;2051;30000;1;1;2
3946;2025;5;2127;40000;16;3;2
3959;2025;3;1104;36000;32;6;2
3961;2025;7;1104;40000;16;3;2
3963;2025;6;1104;30000;2;2;2
3964;2025;3;1104;24000;2;2;2
3965;2025;7;1104;30000;2;2;2
3966;2025;3;1104;18000;2;2;2
3967;2025;6;1104;30000;2;2;2
3968;2025;6;1104;30000;2;2;2
3969;2025;11;1104;24000;2;2;2
3970;2025;4;1104;30000;2;2;2
3971;2025;2;1104;24000;2;2;2
3972;2025;12;1104;30000;2;2;2
3975;2025;5;2134;37000;2;2;2
3976;2025;5;2135;40875;29;5;2
3980;2025;7;2136;10500;26;5;2
3987;2025;5;2040;45000;1;1;2
3988;2025;8;2040;45000;1;1;2
4026;2025;5;2144;12500;29;5;2
4035;2025;5;2148;23800;10;2;2
4036;2025;1;2148;27000;1;1;2
4044;2025;7;1814;15000;25;5;2
4045;2025;7;1814;10000;29;5;2
4053;2025;3;1816;35000;2;2;2
4057;2025;9;2152;40000;20;4;2
4061;2025;7;2155;22000;21;4;2
4063;2025;6;2156;30000;29;5;2
4068;2025;5;2159;22000;28;5;2
4069;2025;5;2159;22000;5;2;2
4072;2025;9;903;30000;28;5;2
4090;2025;5;1925;22200;15;3;2
4091;2025;5;1956;15000;6;2;2
4093;2025;8;2021;22500;1;1;2
4098;2025;1;2169;18400;5;2;2
4099;2025;12;2169;16000;5;2;2
4104;2025;5;2159;25000;29;5;2
4123;2025;5;1816;30000;5;2;2
4124;2025;2;2176;45000;5;2;2
4125;2025;5;2176;31000;29;5;2
4131;2025;7;1863;10000;1;1;2
4132;2025;5;1863;10000;2;2;2
4138;2025;3;2180;25000;5;2;2
4145;2025;6;2183;30000;20;4;2
4148;2025;7;1809;35000;1;1;2
4154;2025;5;2185;17000;7;2;2
4155;2025;5;2185;16000;9;2;2
4159;2025;4;2187;30000;16;3;2
4168;2025;5;2191;15000;29;5;2
4175;2025;5;886;33000;32;6;2
4179;2025;7;2081;25000;1;1;2
4180;2025;5;2196;10000;30;5;2
4187;2025;5;2003;48300;21;4;2
4188;2025;3;2003;48300;1;1;2
4190;2025;3;2199;30000;25;5;2
4195;2025;6;1909;41035;23;5;2
4196;2025;7;1909;40000;9;2;2
4199;2025;5;1984;14200;20;4;2
4204;2025;7;2203;10000;1;1;2
4205;2025;3;2204;20000;16;3;2
4206;2025;4;2204;15000;25;5;2
4220;2025;9;826;30000;16;3;2
4223;2025;7;1016;25714,28571;26;5;2
4224;2025;5;1016;22500;26;5;2
4231;2025;5;2211;36000;1;1;2
4237;2025;7;1599;30000;3;2;2
4240;2025;4;2213;25000;29;5;2
4242;2025;5;2214;40000;20;4;2
4247;2025;8;2216;24500;3;2;2
4249;2025;5;1537;22000;31;5;2
4253;2025;5;2219;20000;23;5;2
4262;2025;9;965;15000;29;5;2
4269;2025;7;1950;37000;1;1;2
4272;2025;5;1919;20000;1;1;2
4275;2025;5;2222;40000;2;2;2
4277;2025;8;1757;10000;1;1;2
4279;2025;5;1993;20000;9;2;2
4284;2025;5;2227;18000;32;6;2
4285;2025;1;1915;16000;28;5;2
4286;2025;5;1915;19500;5;2;2
4287;2025;3;1915;19500;2;2;2
4289;2025;5;836;44460;14;3;2
4298;2025;5;2228;20000;20;4;2
4302;2025;4;1764;18000;27;5;2
4303;2025;6;1764;17000;25;5;2
4305;2025;5;2229;15000;26;5;2
4309;2025;5;2232;38000;5;2;2
4312;2025;7;1869;40000;21;4;2
4318;2025;12;826;48000;4;2;2
4334;2025;4;1933;30000;16;3;2
4362;2025;3;1956;17666;4;2;2
4363;2025;3;2242;43000;1;1;2
4372;2025;5;2245;25000;13;3;2
4379;2025;5;2079;28000;20;4;2
4388;2025;1;2249;40000;11;2;2
4399;2025;5;2170;22200;1;1;2
4410;2025;9;979;14000;23;5;2
4412;2025;5;1173;10000;13;3;2
4419;2025;6;2261;11900;26;5;2
4423;2025;1;2262;12800;1;1;2
4425;2025;9;1766;42857,14286;1;1;2
4431;2025;5;2263;25000;29;5;2
4433;2025;5;1742;16500;2;2;2
4434;2025;5;2264;35000;22;4;2
4435;2025;6;2263;27600;1;1;2
4440;2025;6;2266;22200;2;2;2
4453;2025;5;1849;21000;25;5;2
4454;2025;5;992;24000;15;3;2
4459;2025;7;887;45000;3;2;2
4462;2025;5;2274;25000;1;1;2
4463;2025;7;2274;25000;13;3;2
4466;2025;1;2276;14800;25;5;2
4480;2025;5;887;25000;3;2;2
4481;2025;5;850;10000;9;2;2
4482;2025;7;850;29000;9;2;2
4485;2025;3;842;18000;1;1;2
4493;2025;12;2282;38000;2;2;2
4494;2025;12;2282;38000;29;5;2
4495;2025;5;1742;16779;14;3;2
4497;2025;6;809;42506,67;1;1;2
4498;2025;6;809;42203,33;1;1;2
4500;2025;4;952;19500;29;5;2
4503;2025;7;2283;10000;9;2;2
4504;2025;6;1752;40000;29;5;2
4505;2025;12;1752;40000;27;5;2
4510;2025;6;1816;25000;9;2;2
4511;2025;3;1816;25000;2;2;2
4512;2025;5;1816;25000;1;1;2
4515;2025;9;1599;17000;29;5;2
4516;2025;5;1599;17000;9;2;2
4520;2025;8;2284;35000;9;2;2
4523;2025;5;1857;42785;14;3;2
4530;2025;8;2287;22000;2;2;2
4574;2025;3;1045;14000;28;5;2
4581;2025;4;1863;10000;31;5;2
4582;2025;5;1863;10000;5;2;2
4589;2025;5;2296;10000;26;5;2
4592;2025;5;866;10000;20;4;2
4605;2025;5;1971;10000;9;2;2
4616;2025;5;892;40000;7;2;2
4617;2025;5;1320;10000;28;5;2
4621;2025;5;2301;10000;9;2;2
4624;2025;4;1863;10000;9;2;2
4638;2025;5;2143;17500;1;1;2
4643;2025;5;2306;10000;7;2;2
4647;2025;5;2005;45000;7;2;2
4650;2025;5;2309;30000;1;1;2
4651;2025;8;2309;22500;14;3;2
4652;2025;3;2309;19000;3;2;2
4661;2025;1;2313;48800;32;6;2
4662;2025;4;2313;44500;31;5;2
4671;2025;7;1863;10000;2;2;2
4672;2025;5;1863;10000;12;2;2
4679;2025;4;894;23000;5;2;2
4681;2025;6;894;40000;1;1;2
4695;2025;4;1650;46000;31;5;2
4700;2025;7;1920;30000;1;1;2
4702;2025;9;1920;30000;17;3;2
4709;2025;5;2320;14800;16;3;2
4710;2025;3;992;22000;16;3;2
4711;2025;8;992;22000;1;1;2
4713;2025;5;1875;22200;3;2;2
4725;2025;5;2325;22200;1;1;2
4741;2025;7;1909;40000;1;1;2
4742;2025;6;2328;16000;20;4;2
4743;2025;9;1816;35000;20;4;2
4748;2025;2;1809;40000;1;1;2
4750;2025;6;1820;41666,67;1;1;2
4751;2025;1;2329;16000;3;2;2
4769;2025;5;809;35000;28;5;2
4770;2025;5;809;35000;7;2;2
4785;2025;5;1850;25000;28;5;2
4808;2025;3;1820;30000;13;3;2
4809;2025;8;1920;30000;21;4;2
4810;2025;6;1920;30000;1;1;2
4811;2025;5;1920;30000;17;3;2
4812;2025;4;1920;30000;17;3;2
4816;2025;4;2344;14800;3;2;2
4821;2025;1;2249;40000;1;1;2
4826;2025;5;2347;42000;1;1;2
4831;2025;8;2192;40000;1;1;2
4833;2025;6;1840;21000;29;5;2
4841;2025;1;804;14800;1;1;2
4856;2025;5;1749;45000;20;4;2
4857;2025;7;1749;48666,67;32;6;2
4858;2025;8;1749;48666,67;32;6;2
4859;2025;6;1749;45000;1;1;2
4860;2025;7;1749;45000;1;1;2
4861;2025;5;1749;45000;1;1;2
4863;2025;6;2356;10000;1;1;2
4864;2025;5;2356;25000;1;1;2
4871;2025;5;2357;17000;4;2;2
4873;2025;2;2359;19000;4;2;2
4883;2025;5;2362;22200;1;1;2
4905;2025;11;2365;10700;30;5;2
4907;2025;4;2366;13000;1;1;2
4920;2025;4;894;18000;9;2;2
4921;2025;10;894;18000;32;6;2
4922;2025;5;2371;12000;3;2;2
4924;2025;5;2373;40000;29;5;2
4937;2025;5;1893;30000;13;3;2
4949;2025;5;2380;34000;32;6;2
4957;2025;2;1910;40000;26;5;2
4977;2025;5;2385;35000;1;1;2
4981;2025;5;2170;22200;1;1;2
4982;2025;5;1377;22200;7;2;2
4987;2025;5;1925;22200;23;5;2
4989;2025;5;2147;35000;20;4;2
4992;2025;5;2388;29300;10;2;2
4993;2025;6;2081;28000;16;3;2
5003;2025;5;1863;10000;28;5;2
5011;2025;5;2394;12000;26;5;2
5012;2025;8;2395;15000;7;2;2
5018;2025;6;2397;16000;8;2;2
5024;2025;9;1104;10500;26;5;2
5033;2025;5;2402;35000;1;1;2
5040;2025;5;2403;20000;1;1;2
5041;2025;5;2403;20000;1;1;2
5044;2025;3;2404;40000;1;1;2
5046;2025;6;1365;10400;30;5;2
5048;2025;5;1917;27000;20;4;2
5050;2025;5;841;15000;1;1;2
5063;2025;4;1384;35000;1;1;2
5068;2025;2;2409;15000;1;1;2
5069;2025;5;2409;15000;1;1;2
5074;2025;4;1764;30666;3;2;2
5075;2025;6;1764;35000;3;2;2
5080;2025;5;1926;37000;30;5;2
5081;2025;7;2414;14500;27;5;2
5084;2025;5;2416;15000;13;3;2
5085;2025;4;2417;10000;32;6;2
5098;2025;5;2420;20000;2;2;2
5108;2025;5;1296;27000;26;5;2
5109;2025;5;1303;14800;26;5;2
5140;2025;5;2429;42000;26;5;2
5141;2025;5;1740;14285,71429;3;2;2
5142;2025;5;1746;15714,28571;32;6;2
5151;2025;6;2431;35000;1;1;2
5623;2025;8;1414;11000;1;1;2
5730;2025;7;2575;12385,71429;32;6;2
5909;2025;4;1020;15000;32;6;2
5913;2025;5;2636;30000;2;2;2
5914;2025;5;2263;16990;1;1;2
5916;2025;5;2638;30000;1;1;2
6222;2025;9;2720;28571,42857;29;5;2
6225;2025;6;2274;33333,33333;4;2;2
6226;2025;4;2274;14285,71429;29;5;2
6325;2024;1;919;10000;7;2;2
6346;2024;4;2220;18000;28;5;2
6348;2024;4;836;15000;32;6;2
6352;2024;5;2290;40000;25;5;2
6364;2024;4;2746;45000;32;6;2
6365;2024;4;2747;45000;21;4;2
6370;2024;4;2313;43000;32;6;2
6377;2024;4;1993;15000;32;6;2
6379;2024;4;1956;15000;1;1;2
6384;2024;4;2755;20000;29;5;2
6399;2024;4;894;45000;32;6;2
6401;2024;4;2051;30000;32;6;2
6417;2024;4;1814;40000;32;6;2
6422;2024;4;2201;29666;32;6;2
6434;2024;4;1829;10000;25;5;2
6442;2024;4;792;30000;32;6;2
6458;2024;4;1746;36667;32;6;2
6461;2024;4;1752;28000;32;6;2
6497;2024;4;1384;25000;32;6;2
6515;2024;4;983;32000;2;2;2
6522;2024;4;1746;21818,18182;23;5;2
6529;2024;4;1384;25000;32;6;2
6540;2024;4;2747;45000;2;2;2
6548;2024;4;983;38000;28;5;2
6549;2024;4;1814;30000;32;6;2
6555;2024;4;1838;33000;23;5;2
6558;2024;4;1820;34285,71429;29;5;2
6559;2024;4;1477;20000;26;5;2
6562;2024;4;1820;10000;32;6;2
6573;2024;4;1746;12857,14286;32;6;2
6583;2024;4;2051;25000;32;6;2
6584;2024;4;1969;40000;7;2;2
6588;2024;4;1969;40000;32;6;2
6590;2024;4;2817;15000;3;2;2
6593;2024;8;2051;30000;32;6;2
6604;2024;4;2741;18000;14;3;2
6610;2024;4;2818;35000;1;1;2
6615;2024;4;2741;35000;14;3;2
6618;2024;4;2767;15000;20;4;2
6619;2024;4;1746;20357,14286;32;6;2
6640;2024;4;1781;36000;32;6;2
6648;2024;8;2113;26000;32;6;2
6659;2024;5;1758;25000;32;6;2
6660;2024;5;1913;29000;5;2;2
6662;2024;5;2773;14800;32;6;2
6663;2024;5;2773;14800;32;6;2
6667;2024;8;1969;40000;32;6;2
6681;2024;3;2426;14000;14;3;2
6686;2024;5;1779;30000;32;6;2
6689;2024;5;2274;25000;32;6;2
6690;2024;5;1840;13000;3;2;2
6691;2024;5;1982;20000;26;5;2
6692;2024;5;2773;14800;32;6;2
6693;2024;5;2773;14800;32;6;2
6695;2024;3;2836;25000;32;6;2
6717;2024;3;1384;25000;32;6;2
6718;2024;3;2204;20100;32;6;2
6720;2024;3;1384;40000;32;6;2
6740;2024;3;1384;40000;28;5;2
6741;2024;3;1384;40000;7;2;2
6742;2024;3;1384;20000;13;3;2
6752;2024;3;2755;25000;32;6;2
6754;2024;3;978;20000;25;5;2
6769;2024;3;2156;25000;32;6;2
6780;2024;3;6631;14800;32;6;2
6784;2024;2;2859;10000;1;1;2
6801;2024;3;2867;25000;32;6;2
6833;2024;3;2741;35000;14;3;2
6834;2024;3;989;20000;2;2;2
6838;2024;4;1001;15000;32;6;2
6839;2024;4;2249;30000;32;6;2
6840;2024;4;1744;29000;11;2;2
6843;2024;4;1746;36667;32;6;2
6847;2024;4;2779;14480;29;5;2
6849;2024;4;1384;25000;22;4;2
6851;2024;3;2880;25000;29;5;2
6858;2024;3;2883;16971;32;6;2
6864;2024;3;2886;29411,76471;32;6;2
6882;2024;3;2830;12900;32;6;2
6885;2024;3;805;12000;3;2;2
6887;2024;3;1021;18000;32;6;2
6890;2024;3;2896;35000;32;6;2
6901;2024;3;1820;30000;29;5;2
6906;2024;3;2211;29600;32;6;2
6914;2024;3;2051;30000;29;5;2
6917;2024;3;2901;27000;15;3;2
6924;2024;1;2204;17000;32;6;2
6932;2024;1;2905;20000;32;6;2
6938;2024;2;6061;25000;32;6;2
6940;2024;1;992;21000;32;6;2
6948;2024;1;992;22000;23;5;2
6959;2024;1;1112;19000;26;5;2
6960;2024;1;2905;15000;32;6;2
6981;2024;2;2561;10000;32;6;2
6982;2024;1;1746;35000;2;2;2
6983;2024;2;2905;15000;2;2;2
6988;2024;1;2201;15000;14;3;2
6992;2024;1;2905;20000;14;3;2
6993;2024;2;1814;15000;32;6;2
6999;2024;2;2921;10000;3;2;2
7001;2024;2;1384;45000;31;5;2
7008;2024;2;2923;12000;7;2;2
7012;2024;2;2924;13000;11;2;2
7015;2024;2;6061;24000;30;5;2
7020;2024;2;1384;24000;2;2;2
7021;2024;2;1816;25000;27;5;2
7025;2024;2;1820;30000;32;6;2
7044;2024;2;1384;27000;32;6;2
7059;2024;2;2905;12000;3;2;2
7097;2024;2;1384;25000;2;2;2
7110;2024;2;2755;25000;32;6;2
7141;2024;2;1814;22000;2;2;2
7146;2024;2;2148;20500;30;5;2
7161;2024;2;1779;30000;32;6;2
7167;2024;2;1493;10000;3;2;2
7177;2024;2;1148;11000;1;1;2
7178;2024;2;1779;12000;29;5;2
7179;2024;1;2972;35000;32;6;2
7180;2024;2;1384;25000;32;6;2
7181;2024;2;1779;15000;32;6;2
7185;2024;2;1779;11000;1;1;2
7188;2024;2;1779;11000;32;6;2
7190;2024;5;913;14800;32;6;2
7191;2024;1;2923;12000;7;2;2
7192;2024;2;1914;34000;29;5;2
7195;2024;2;1779;11000;29;5;2
7204;2024;2;2857;10000;29;5;2
7206;2024;2;2857;10000;32;6;2
7219;2024;1;1319;10000;32;6;2
7230;2024;1;2983;15000;32;6;2
7232;2024;1;830;11000;32;6;2
7236;2024;1;2986;14800;29;5;2
7238;2024;1;2988;14000;5;2;2
7271;2024;1;1249;12000;2;2;2
7272;2024;1;971;12000;6;2;2
7280;2024;1;2998;15000;32;6;2
7292;2024;1;1425;30000;14;3;2
7295;2024;1;853;14800;2;2;2
7301;2024;1;3002;29000;3;2;2
7310;2024;1;1425;30000;26;5;2
7313;2024;1;1384;16666,66667;28;5;2
7314;2024;1;3005;20000;28;5;2
7322;2024;12;1751;10000;32;6;2
7333;2024;5;2053;16785,71429;32;6;2
7336;2024;3;3011;22200;1;1;2
7337;2024;5;909;30000;5;2;2
7353;2024;4;2249;30000;32;6;2
7356;2024;3;957;15000;1;1;2
7361;2024;3;992;21000;32;6;2
7362;2024;12;2966;35000;26;5;2
7369;2024;2;1384;24000;1;1;2
7376;2024;2;1779;11000;32;6;2
7380;2024;1;2923;12000;7;2;2
7429;2024;1;3021;12000;32;6;2
7434;2024;1;892;11100;4;2;2
7449;2024;12;2834;25000;6;2;2
7459;2024;11;2542;11000;10;2;2
7480;2024;10;3038;14500;32;6;2
7502;2024;10;2401;12000;16;3;2
7507;2024;10;1746;43333,33333;30;5;2
7509;2024;10;1758;12857,14286;3;2;2
7531;2024;10;2328;12600;32;6;2
7537;2024;10;3048;25000;32;6;2
7541;2024;10;1809;26666,66667;27;5;2
7546;2024;9;1864;10000;7;2;2
7552;2024;10;833;20000;13;3;2
7559;2024;10;3053;40000;8;2;2
7560;2024;10;1782;12666,66667;2;2;2
7568;2024;10;1956;21300;1;1;2
7572;2024;10;850;15000;7;2;2
7581;2024;10;3058;39000;29;5;2
7595;2024;5;2053;16785,71429;13;3;2
7598;2024;3;3011;22200;32;6;2
7599;2024;5;909;30000;20;4;2
7603;2024;10;1746;40000;17;3;2
7616;2024;4;2249;30000;14;3;2
7619;2024;3;957;15000;1;1;2
7624;2024;3;992;21000;23;5;2
7625;2024;12;2966;35000;32;6;2
7632;2024;2;1384;24000;1;1;2
7639;2024;2;1779;11000;29;5;2
7643;2024;1;2923;12000;3;2;2
7692;2024;1;3021;12000;32;6;2
7697;2024;1;892;11100;4;2;2
7712;2024;12;2834;25000;7;2;2
7734;2023;4;4861;11400;32;6;2
7807;2023;6;3884;10000;13;3;2
7819;2023;6;4564;40000;13;3;2
7826;2023;6;5861;15000;13;3;2
7828;2023;6;5861;45000;13;3;2
7829;2023;6;3764;40000;29;5;2
7833;2023;6;6731;10000;13;3;2
7839;2023;6;6091;15000;13;3;2
7841;2023;6;4476;15000;28;5;2
7844;2023;6;6090;10000;13;3;2
7846;2023;6;5882;45000;13;3;2
7848;2023;6;5108;22200;3;2;2
7850;2023;6;5889;28000;3;2;2
7851;2023;6;6090;13000;13;3;2
7853;2023;6;6779;10000;13;3;2
7858;2023;6;5688;13000;13;3;2
7859;2023;6;5685;15000;21;4;2
7860;2023;6;4635;35000;13;3;2
7861;2023;6;4215;35000;13;3;2
7863;2023;6;4517;24000;13;3;2
7864;2023;6;5138;45000;1;1;2
7866;2023;6;5205;22200;1;1;2
7871;2023;6;4697;24500;13;3;2
7872;2023;6;3931;10000;13;3;2
7876;2023;6;3455;37000;13;3;2
7878;2023;6;6061;45000;28;5;2
7881;2023;6;3437;30000;22;4;2
7883;2023;6;6226;45000;1;1;2
7884;2023;6;3323;29600;13;3;2
7886;2023;6;4355;35000;13;3;2
7887;2023;6;6820;12453;13;3;2
7888;2023;6;4574;46000;13;3;2
7891;2023;6;5880;25000;3;2;2
7898;2023;6;4685;39000;13;3;2
7903;2023;6;6061;19500;13;3;2
7904;2023;6;4476;15000;13;3;2
7906;2023;6;4244;26000;13;3;2
7907;2023;6;6246;13000;13;3;2
7913;2023;6;3291;13000;13;3;2
7919;2023;6;4355;38000;13;3;2
7920;2023;6;6062;45000;27;5;2
7921;2023;6;3332;49600;13;3;2
7927;2023;6;3510;32500;13;3;2
7931;2023;6;3494;20000;13;3;2
7934;2023;6;5768;23000;22;4;2
7938;2023;6;5457;22200;13;3;2
7945;2023;6;3339;26000;13;3;2
7958;2023;6;3339;26000;13;3;2
7972;2023;6;3697;40000;13;3;2
7974;2023;6;4239;26000;13;3;2
7977;2023;6;6246;13000;13;3;2
7982;2023;6;6061;13000;13;3;2
7987;2023;6;6751;19500;13;3;2
7988;2023;6;3463;15000;13;3;2
7999;2023;6;5756;29600;13;3;2
8005;2023;6;6062;14800;26;5;2
8032;2023;7;4925;24000;13;3;2
8044;2023;7;3415;15000;13;3;2
8049;2023;7;4485;15000;13;3;2
8051;2023;7;6262;10000;13;3;2
8054;2023;7;3261;15000;27;5;2
8074;2023;7;4517;15000;13;3;2
8092;2023;7;4910;11000;13;3;2
8101;2023;7;4024;10000;13;3;2
8116;2023;7;6082;30000;13;3;2
8118;2023;7;5591;25000;1;1;2
8121;2023;7;5693;33000;13;3;2
8128;2023;7;3192;22200;1;1;2
8133;2023;7;4517;16000;6;2;2
8138;2023;7;6246;30000;2;2;2
8144;2023;7;3739;16800;7;2;2
8153;2023;7;6624;15000;13;3;2
8158;2023;7;6477;12000;10;2;2
8167;2023;7;4215;35000;13;3;2
8194;2023;7;5588;12000;13;3;2
8211;2023;7;5885;30000;13;3;2
8212;2023;7;3651;44400;13;3;2
8213;2023;7;6324;22200;13;3;2
8214;2023;7;6061;13000;13;3;2
8230;2023;7;3754;15000;13;3;2
8232;2023;7;3754;15000;13;3;2
8234;2023;7;3754;20000;13;3;2
8241;2023;7;3637;10000;2;2;2
8242;2023;7;6238;10000;13;3;2
8244;2023;7;5701;12000;13;3;2
8250;2023;7;4190;10000;13;3;2
8254;2023;7;5793;19500;29;5;2
8259;2023;7;4983;10000;8;2;2
8271;2023;7;3777;40000;13;3;2
8287;2023;7;3358;24000;29;5;2
8291;2023;7;3737;33000;13;3;2
8293;2023;7;3339;14000;1;1;2
8297;2023;7;5757;29000;21;4;2
8302;2023;7;4564;30000;13;3;2
8307;2023;7;5861;45000;13;3;2
8319;2023;7;6045;28000;28;5;2
8325;2023;7;6481;22000;28;5;2
8327;2023;7;4517;14000;13;3;2
8329;2023;7;3622;15000;13;3;2
8331;2023;7;6754;29600;13;3;2
8335;2023;7;3261;25000;2;2;2
8338;2023;7;6334;14932;13;3;2
8343;2023;7;4448;10000;13;3;2
8347;2023;7;3630;25000;13;3;2
8348;2023;7;3622;15000;13;3;2
8363;2023;7;5313;20000;13;3;2
8365;2023;7;6329;29600;13;3;2
8394;2023;7;5903;15000;29;5;2
8400;2023;7;4663;35000;13;3;2
8401;2023;7;3555;29600;13;3;2
8403;2023;7;6270;10000;18;3;2
8407;2023;7;3696;35000;13;3;2
8408;2023;7;3455;37000;13;3;2
8409;2023;7;3633;12000;13;3;2
8422;2023;7;4445;25000;13;3;2
8423;2023;7;6552;20000;13;3;2
8425;2023;7;6147;30000;13;3;2
8429;2023;7;6552;40000;13;3;2
8430;2023;7;6552;35000;13;3;2
8437;2023;7;4355;22000;13;3;2
8441;2023;7;3457;20000;13;3;2
8442;2023;7;5457;25500;13;3;2
8444;2023;7;4564;40000;2;2;2
8462;2023;7;3666;15000;13;3;2
8464;2023;7;4305;10000;13;3;2
8479;2023;7;5291;25000;28;5;2
8481;2023;11;4687;47000;13;3;2
8483;2023;7;4687;35000;13;3;2
8493;2023;7;4873;40000;13;3;2
8501;2023;7;3278;35000;13;3;2
8502;2023;7;4667;14000;13;3;2
8506;2023;7;6366;25000;25;5;2
8514;2023;7;6559;10000;13;3;2
8517;2023;7;6061;45000;22;4;2
8521;2023;7;5889;30000;2;2;2
8525;2023;7;3938;24000;13;3;2
8526;2023;7;4564;40000;13;3;2
8528;2023;7;6061;13000;13;3;2
8533;2023;7;4215;40000;13;3;2
8535;2023;7;4727;45000;13;3;2
8541;2023;7;5450;20000;13;3;2
8542;2023;7;5335;20000;13;3;2
8545;2023;7;5116;30000;13;3;2
8549;2023;7;6552;25000;13;3;2
8563;2023;7;6554;10000;13;3;2
8579;2023;7;6061;13000;20;4;2
8590;2023;11;3256;15000;13;3;2
8591;2023;7;6061;14800;21;4;2
8592;2023;7;3197;22200;13;3;2
8594;2023;7;5882;30000;13;3;2
8595;2023;7;4826;14800;3;2;2
8596;2023;7;4782;30000;28;5;2
8597;2023;7;4139;40000;3;2;2
8611;2023;7;3405;10000;13;3;2
8616;2023;7;4490;20000;13;3;2
8633;2023;7;4758;30000;28;5;2
8637;2023;7;5111;13000;7;2;2
8644;2023;7;5139;45000;13;3;2
8655;2023;7;4947;20000;1;1;2
8662;2023;7;4445;25000;12;2;2
8663;2023;7;4448;20000;13;3;2
8668;2023;7;4517;12000;2;2;2
8672;2023;7;4770;10000;21;4;2
8673;2023;7;3064;10000;13;3;2
8675;2023;7;6751;10000;13;3;2
8677;2023;7;5837;30000;13;3;2
8678;2023;7;4687;30000;13;3;2
8679;2023;7;4355;47000;2;2;2
8682;2023;7;5448;14000;13;3;2
8683;2023;7;5448;14000;13;3;2
8684;2023;7;4517;12000;13;3;2
8685;2023;7;3107;10000;13;3;2
8698;2023;7;4667;18000;13;3;2
8711;2023;7;3510;29600;13;3;2
8726;2023;7;3138;10000;3;2;2
8738;2023;7;5111;13000;7;2;2
8745;2023;7;6585;30000;13;3;2
8752;2023;7;4957;20000;3;2;2
8753;2023;7;3633;10000;13;3;2
8757;2023;7;5478;10500;4;2;2
8759;2023;7;5903;30000;13;3;2
8766;2023;7;6403;40000;2;2;2
8772;2023;7;5878;40000;13;3;2
8776;2023;7;6452;12000;13;3;2
8783;2023;7;4160;32000;25;5;2
8791;2023;7;4355;38000;13;3;2
8794;2023;7;6082;45000;13;3;2
8795;2023;7;6751;10000;13;3;2
8802;2023;7;5457;16000;13;3;2
8805;2023;7;5215;15000;13;3;2
8820;2023;7;5440;24000;13;3;2
8822;2023;7;4396;30000;13;3;2
8827;2023;7;4024;17000;13;3;2
8836;2023;7;5903;29600;13;3;2
8847;2023;7;5861;48000;13;3;2
8856;2023;7;4957;30000;29;5;2
8898;2023;8;6065;15000;13;3;2
8905;2023;8;4135;40000;13;3;2
8924;2023;8;6314;30000;12;2;2
8927;2023;8;6314;20000;13;3;2
8950;2023;8;4667;40000;13;3;2
8965;2023;8;6554;10000;13;3;2
8972;2023;8;3545;30000;13;3;2
8980;2023;8;3435;26000;13;3;2
8982;2023;8;4448;20000;13;3;2
8994;2023;8;5889;35600;13;3;2
8997;2023;8;5118;15000;13;3;2
9004;2023;8;3293;28300;13;3;2
9014;2023;8;6528;43500;13;3;2
9026;2023;8;3463;24000;13;3;2
9027;2023;8;4382;20000;13;3;2
9034;2023;8;4628;13300;13;3;2
9048;2023;8;4539;40000;13;3;2
9053;2023;8;6552;35000;13;3;2
9055;2023;8;4314;22200;13;3;2
9059;2023;8;3754;32000;13;3;2
9074;2023;8;5297;40000;13;3;2
9080;2023;8;6061;19500;13;3;2
9081;2023;8;4382;14800;13;3;2
9084;2023;8;4557;29600;13;3;2
9111;2023;8;3457;42000;13;3;2
9116;2023;8;3550;16000;13;3;2
9120;2023;8;5912;20000;13;3;2
9121;2023;8;6585;40000;13;3;2
9139;2023;8;5009;18000;13;3;2
9142;2023;8;3728;22200;13;3;2
9143;2023;8;6084;15000;13;3;2
9145;2023;8;5903;14800;13;3;2
9159;2023;8;3966;10000;13;3;2
9163;2023;8;6456;20000;13;3;2
9181;2023;8;6238;12000;13;3;2
9186;2023;8;6061;37500;13;3;2
9191;2023;8;3568;14500;13;3;2
9199;2023;8;4608;30000;13;3;2
9207;2023;8;5364;12000;13;3;2
9226;2023;8;6217;12000;13;3;2
9229;2023;8;5029;30000;13;3;2
9231;2023;8;5068;10000;13;3;2
9248;2023;8;3857;22200;13;3;2
9250;2023;8;4303;45000;13;3;2
9258;2023;8;4687;22000;13;3;2
9261;2023;8;3141;20000;13;3;2
9264;2023;8;5861;35000;13;3;2
9266;2023;8;5364;10000;13;3;2
9267;2023;8;5861;45000;13;3;2
9270;2023;8;6320;25000;13;3;2
9275;2023;8;3884;42400;13;3;2
9281;2023;8;4454;30000;13;3;2
9282;2023;8;5809;30000;13;3;2
9284;2023;8;3355;30000;13;3;2
9285;2023;8;4828;30000;13;3;2
9286;2023;8;3812;30000;13;3;2
9290;2023;8;3528;29600;13;3;2
9292;2023;8;4448;23000;13;3;2
9295;2023;8;4230;30000;13;3;2
9298;2023;8;6247;14800;13;3;2
9342;2023;8;5391;14500;13;3;2
9431;2023;8;5789;30000;13;3;2
9742;2023;8;3333;27600;13;3;2
9743;2023;8;5243;25000;13;3;2
9744;2023;8;5139;28000;13;3;2
9758;2023;8;5878;30000;13;3;2
9773;2023;8;4687;12000;13;3;2
9776;2023;8;3687;30000;13;3;2
9777;2023;8;5780;43000;13;3;2
9778;2023;8;3998;14000;13;3;2
9782;2023;8;3856;15000;13;3;2
9791;2023;8;5691;35000;13;3;2
9792;2023;8;5124;15000;13;3;2
9805;2023;8;6332;30000;13;3;2
9812;2023;8;5903;20000;13;3;2
9815;2023;8;3884;10000;13;3;2
9829;2023;8;3901;25000;13;3;2
9838;2023;8;5685;20000;13;3;2
9840;2023;8;4667;40000;13;3;2
9851;2023;8;5685;16600;13;3;2
9858;2023;8;5851;37000;13;3;2
9861;2023;8;6320;25000;13;3;2
9870;2023;8;5793;18000;13;3;2
9874;2023;8;4775;10000;13;3;2
9876;2023;8;4364;30000;13;3;2
9879;2023;8;3754;32000;13;3;2
9881;2023;8;6089;14000;13;3;2
9889;2023;8;4355;47000;13;3;2
9894;2023;8;4567;12500;13;3;2
9898;2023;8;3293;27000;13;3;2
9902;2023;8;5879;10000;13;3;2
9914;2023;8;6217;25000;13;3;2
9922;2023;8;3457;45000;13;3;2
9924;2023;8;4775;15000;13;3;2
9925;2023;8;6142;10000;13;3;2
9949;2023;8;3285;25000;13;3;2
9950;2023;8;4824;15000;13;3;2
9953;2023;8;5339;14800;13;3;2
9957;2023;8;4635;30000;13;3;2
9960;2023;8;6157;25000;13;3;2
9974;2023;8;3619;16000;13;3;2
9990;2023;8;6314;29600;13;3;2
9993;2023;8;4867;40000;13;3;2
9994;2023;8;6061;13000;13;3;2
9995;2023;8;4811;30000;13;3;2
9998;2023;8;3107;15000;13;3;2
10009;2023;8;4635;20500;13;3;2
10015;2023;8;3663;18000;13;3;2
10020;2023;8;6815;10000;13;3;2
10021;2023;8;6543;34000;13;3;2
10022;2023;8;5468;22200;13;3;2
10023;2023;8;3739;28000;13;3;2
10025;2023;8;6061;37500;13;3;2
10031;2023;8;5904;11389;13;3;2
10039;2023;8;5477;17000;13;3;2
10045;2023;8;6061;25000;13;3;2
10052;2023;8;6061;25000;13;3;2
10066;2023;8;4317;30000;13;3;2
10068;2023;8;5111;13000;13;3;2
10077;2023;8;3932;10000;13;3;2
10081;2023;8;6238;15000;13;3;2
10082;2023;8;6180;20000;13;3;2
10085;2023;8;3350;40000;13;3;2
10096;2023;8;3161;24000;13;3;2
10099;2023;8;6238;27600;13;3;2
10102;2023;8;3143;10500;13;3;2
10110;2023;8;6815;14000;13;3;2
10113;2023;8;5118;29600;13;3;2
10121;2023;8;6632;15000;13;3;2
10124;2023;8;6815;29600;13;3;2
10132;2023;8;3754;18000;13;3;2
10146;2023;8;5727;42000;13;3;2
10157;2023;8;5522;30000;13;3;2
10161;2023;8;6585;20000;13;3;2
10164;2023;8;6475;29600;13;3;2
10165;2023;8;6395;10500;13;3;2
10177;2023;8;5162;13000;13;3;2
10182;2023;8;6585;31860,47;13;3;2
10190;2023;8;6762;24000;13;3;2
10191;2023;8;3739;16500;13;3;2
10224;2023;8;6159;40000;13;3;2
10228;2023;8;5861;30000;13;3;2
10241;2023;8;6061;22200;13;3;2
10242;2023;8;3750;27500;13;3;2
10255;2023;8;5836;15000;13;3;2
10281;2023;9;5903;18000;13;3;2
10290;2023;9;6719;13000;13;3;2
10303;2023;9;4563;44500;13;3;2
10304;2023;9;3141;26000;13;3;2
10317;2023;9;6709;30000;13;3;2
10320;2023;9;5449;12000;13;3;2
10323;2023;9;3754;20000;13;3;2
10326;2023;9;3754;32000;13;3;2
10358;2023;9;5727;45000;13;3;2
10359;2023;9;3222;10000;13;3;2
10362;2023;9;5727;45000;13;3;2
10363;2023;9;3857;29600;13;3;2
10372;2023;9;3188;27500;13;3;2
10380;2023;9;3782;15000;13;3;2
10382;2023;9;6396;25000;13;3;2
10387;2023;9;3258;16000;13;3;2
10391;2023;9;3548;37000;13;3;2
10395;2023;9;5457;12700;13;3;2
10400;2023;9;5727;16000;13;3;2
10402;2023;9;5727;40000;13;3;2
10409;2023;9;6762;10000;13;3;2
10411;2023;9;3276;14800;13;3;2
10412;2023;9;6061;22200;13;3;2
10425;2023;9;5727;30000;13;3;2
10430;2023;9;3798;10000;13;3;2
10449;2023;9;6718;19500;13;3;2
10454;2023;9;6762;14500;13;3;2
10469;2023;9;3622;11000;13;3;2
10476;2023;9;5727;45000;13;3;2
10485;2023;9;5558;45000;13;3;2
10487;2023;9;6142;10000;13;3;2
10498;2023;9;6105;19500;13;3;2
10505;2023;9;5884;40000;13;3;2
10515;2023;9;6142;10000;13;3;2
10516;2023;9;3546;45000;13;3;2
10527;2023;9;3137;10000;13;3;2
10529;2023;9;6677;14800;13;3;2
10534;2023;9;4910;30000;13;3;2
10539;2023;9;6225;20000;13;3;2
10548;2023;9;4947;15000;13;3;2
10563;2023;9;3546;20000;13;3;2
10575;2023;9;4355;25000;13;3;2
10583;2023;9;4652;25800;13;3;2
10587;2023;9;4355;22000;13;3;2
10622;2023;9;6061;20000;13;3;2
10627;2023;9;5727;40000;13;3;2
10628;2023;9;5727;40000;13;3;2
10629;2023;9;5259;42600;13;3;2
10640;2023;9;3270;30000;13;3;2
10646;2023;9;6709;30000;13;3;2
10651;2023;9;5259;17500;13;3;2
10658;2023;9;5727;45000;13;3;2
10663;2023;9;3137;29600;13;3;2
10665;2023;9;4666;25000;13;3;2
10670;2023;9;4635;43000;13;3;2
10677;2023;9;5796;14500;13;3;2
10689;2023;9;5904;22200;13;3;2
10690;2023;9;6238;12000;13;3;2
10709;2023;9;4355;44000;13;3;2
10710;2023;9;5861;35000;13;3;2
10711;2023;9;6751;19500;13;3;2
10724;2023;9;5730;14000;13;3;2
10729;2023;9;4925;10000;13;3;2
10730;2023;9;6238;27600;13;3;2
10737;2023;9;6061;25000;13;3;2
10738;2023;9;4355;47000;13;3;2
10740;2023;9;3754;45000;13;3;2
10742;2023;9;6061;30000;13;3;2
10745;2023;9;3759;28000;13;3;2
10746;2023;9;3759;28000;13;3;2
10747;2023;9;6238;15000;13;3;2
10750;2023;9;3397;15000;13;3;2
10753;2023;9;4954;35000;13;3;2
10757;2023;9;4355;47000;13;3;2
10758;2023;9;5861;30000;13;3;2
10763;2023;9;6061;16000;13;3;2
10789;2023;9;4621;26000;13;3;2
10791;2023;9;5861;35000;13;3;2
10793;2023;9;3739;12000;13;3;2
10798;2023;9;3936;16000;13;3;2
10812;2023;9;6450;24000;13;3;2
10849;2023;9;3157;30000;13;3;2
10850;2023;9;4355;47000;13;3;2
10854;2023;9;5727;43000;13;3;2
10855;2023;9;5727;24000;13;3;2
10860;2023;9;5889;30000;13;3;2
10904;2023;9;4687;20000;13;3;2
10916;2023;9;5108;26000;13;3;2
10917;2023;9;6180;14000;13;3;2
10936;2023;9;3137;29600;13;3;2
10940;2023;9;6393;13000;13;3;2
10962;2023;9;3754;23000;13;3;2
10969;2023;9;3261;17000;13;3;2
10970;2023;9;6353;12000;13;3;2
10977;2023;9;4571;12000;13;3;2
10981;2023;9;4185;40000;13;3;2
10984;2023;9;5669;25000;13;3;2
10985;2023;9;3237;25000;13;3;2
11001;2023;10;6708;30000;13;3;2
11016;2023;10;4506;13700;13;3;2
11020;2023;10;3758;45100;13;3;2
11021;2023;10;4910;40000;13;3;2
11024;2023;10;4506;14600;13;3;2
11026;2023;10;5206;20000;13;3;2
11037;2023;10;4450;10000;13;3;2
11051;2023;10;3319;11000;13;3;2
11065;2023;10;3319;11000;13;3;2
11071;2023;10;5216;15000;13;3;2
11100;2023;10;4775;11700;13;3;2
11109;2023;10;5949;39000;13;3;2
11121;2023;10;3759;28000;13;3;2
11122;2023;10;4517;20000;13;3;2
11126;2023;10;3352;29600;13;3;2
11134;2023;10;4824;30000;13;3;2
11135;2023;10;3209;20000;13;3;2
11145;2023;10;4824;25000;13;3;2
11149;2023;10;4824;20000;13;3;2
11151;2023;10;5472;15000;13;3;2
11152;2023;10;4201;26000;13;3;2
11166;2023;10;5103;35000;13;3;2
11177;2023;10;6324;22500;13;3;2
11184;2023;10;5966;30000;13;3;2
11193;2023;10;3319;11000;13;3;2
11194;2023;10;3884;10000;13;3;2
11195;2023;10;3937;40000;13;3;2
11200;2023;10;6709;10000;13;3;2
11219;2023;10;5010;29600;13;3;2
11221;2023;10;3801;25000;13;3;2
11227;2023;10;3507;39600;13;3;2
11247;2023;10;4040;45000;13;3;2
11249;2023;10;5251;32000;13;3;2
11266;2023;10;6119;30000;13;3;2
11280;2023;10;4754;20000;13;3;2
11287;2023;10;5339;10500;13;3;2
11320;2023;10;4635;30000;13;3;2
11343;2023;10;3308;30000;13;3;2
11349;2023;10;4517;30000;13;3;2
11354;2023;10;4894;20000;13;3;2
11355;2023;10;3303;40000;13;3;2
11388;2023;10;5743;27510;13;3;2
11398;2023;10;6479;40000;13;3;2
11409;2023;10;6823;22000;13;3;2
11410;2023;10;3632;23000;13;3;2
11421;2023;10;5904;14800;13;3;2
11427;2023;10;5145;26500;13;3;2
11437;2023;10;4506;20000;13;3;2
11440;2023;10;3632;18000;13;3;2
11441;2023;10;4656;20000;13;3;2
11448;2023;10;3349;45000;13;3;2
11451;2023;10;3533;10000;13;3;2
11457;2023;10;4195;20000;13;3;2
11468;2023;10;5831;12000;13;3;2
11476;2023;10;3754;23000;13;3;2
11482;2023;10;4564;35000;13;3;2
11485;2023;10;5009;20800;13;3;2
11599;2023;10;3220;19500;13;3;2
11608;2023;10;3866;12500;13;3;2
11613;2023;10;3137;29600;13;3;2
11619;2023;10;3663;10000;13;3;2
11620;2023;10;3215;12000;13;3;2
11631;2023;10;3137;14800;13;3;2
11633;2023;10;4740;13000;13;3;2
11635;2023;10;6779;18000;13;3;2
11662;2023;10;4925;10000;13;3;2
11675;2023;10;5881;35000;13;3;2
11683;2023;10;6752;22987;13;3;2
11764;2023;10;5472;35000;13;3;2
11767;2023;10;3631;12000;13;3;2
11770;2023;10;3631;12000;13;3;2
11771;2023;10;3631;14000;13;3;2
11773;2023;10;3631;12000;13;3;2
11774;2023;10;3754;45300;13;3;2
11775;2023;10;4740;40000;13;3;2
11776;2023;10;3604;29600;13;3;2
11798;2023;10;5111;12000;13;3;2
11806;2023;10;5748;10000;13;3;2
11808;2023;10;3631;14000;13;3;2
11811;2023;10;4195;19700;13;3;2
11813;2023;10;6238;12000;13;3;2
11817;2023;10;3631;12000;13;3;2
11818;2023;10;5769;35000;13;3;2
11820;2023;10;6238;38000;13;3;2
11827;2023;10;3754;10000;13;3;2
11851;2023;10;6751;24666;13;3;2
11863;2023;10;6662;27520;13;3;2
11869;2023;10;5734;27520;13;3;2
11870;2023;10;5640;13760;13;3;2
11871;2023;10;5533;13760;13;3;2
11877;2023;10;6021;15300;13;3;2
11881;2023;9;6029;25000;13;3;2
11886;2023;10;5163;13760;13;3;2
11892;2023;2;6132;27520;13;3;2
11893;2023;10;6752;20000;13;3;2
11897;2023;10;5103;23000;13;3;2
11904;2023;10;3349;30000;13;3;2
11910;2023;10;6655;12500;13;3;2
11914;2023;10;5450;20700;13;3;2
11919;2023;8;4015;32430;13;3;2
11921;2023;8;5840;32430;13;3;2
11925;2023;10;4039;46880;13;3;2
11931;2023;10;3631;12000;13;3;2
11937;2023;9;3316;16950;13;3;2
11938;2023;9;3404;16000;13;3;2
11942;2023;10;3631;14000;13;3;2
11944;2023;10;3631;12000;13;3;2
11947;2023;10;3932;10000;13;3;2
11949;2023;10;3932;15000;13;3;2
11960;2023;10;6819;17500;13;3;2
11972;2023;10;3121;10500;13;3;2
11976;2023;10;4516;39467,15;13;3;2
11979;2023;10;4569;12000;13;3;2
11980;2023;10;5530;14800;13;3;2
11988;2023;10;6406;40000;13;3;2
11992;2023;10;3663;22200;13;3;2
11994;2023;10;6142;10000;13;3;2
12016;2023;10;4654;30000;13;3;2
12078;2023;10;3866;15000;13;3;2
12080;2023;10;4997;20000;13;3;2
12084;2023;10;6738;10500;13;3;2
12093;2023;10;5339;10500;13;3;2
12104;2023;10;5480;43000;13;3;2
12113;2023;10;3261;33000;13;3;2
12118;2023;10;6161;11000;13;3;2
12129;2023;10;4670;11000;13;3;2
12137;2023;10;3631;12000;13;3;2
12139;2023;10;3829;10000;13;3;2
12147;2023;8;5553;32430;13;3;2
12153;2023;8;5482;32430;13;3;2
12156;2023;8;5524;32430;13;3;2
12187;2023;8;5032;28128;13;3;2
12188;2023;8;6283;28128;13;3;2
12191;2023;1;6305;14304;13;3;2
12197;2023;10;4826;14800;13;3;2
12218;2023;8;5631;22701;13;3;2
12241;2023;10;3937;10000;13;3;2
12244;2023;10;6084;15000;13;3;2
12248;2023;8;5268;16608;13;3;2
12251;2023;10;5206;21500;13;3;2
12258;2023;10;4355;38000;13;3;2
12259;2023;10;3585;24000;13;3;2
12264;2023;10;4448;30000;13;3;2
12267;2023;10;4201;11800;13;3;2
12272;2023;10;3433;20000;13;3;2
12286;2023;10;4448;26000;13;3;2
12291;2023;10;4448;25000;13;3;2
12292;2023;10;3631;12000;13;3;2
12294;2023;10;5457;23000;13;3;2
12308;2023;10;5536;12000;13;3;2
12333;2023;10;3463;10000;13;3;2
12340;2023;10;3234;18993;13;3;2
12350;2023;10;5861;15000;13;3;2
12359;2023;10;6481;25000;13;3;2
12360;2023;10;3896;30000;13;3;2
12367;2023;10;3349;30000;13;3;2
12378;2023;10;3226;19500;13;3;2
12389;2023;10;5066;15000;13;3;2
12399;2023;10;5941;24000;13;3;2
12400;2023;10;4993;28600;13;3;2
12407;2023;10;3365;29600;13;3;2
12427;2023;10;4667;17000;13;3;2
12428;2023;10;5785;15000;13;3;2
12432;2023;10;6581;25000;13;3;2
12437;2023;8;4389;25824;13;3;2
12440;2023;8;6417;14304;13;3;2
12463;2023;11;4518;20000;13;3;2
12467;2023;11;5108;26000;13;3;2
12471;2023;11;4782;30000;13;3;2
12472;2023;11;4782;10000;13;3;2
12478;2023;11;5211;15000;13;3;2
12479;2023;11;4782;10000;13;3;2
12482;2023;11;6324;10000;13;3;2
12487;2023;8;5057;22368;13;3;2
12488;2023;11;5860;35000;13;3;2
12497;2023;11;3152;40000;13;3;2
12535;2023;11;3727;20000;13;3;2
12536;2023;11;4825;30000;13;3;2
12543;2023;11;4517;19500;13;3;2
12551;2023;11;3222;10000;13;3;2
12554;2023;11;4825;20000;13;3;2
12558;2023;11;5829;25000;13;3;2
12568;2023;11;6324;46000;13;3;2
12570;2023;11;6324;20000;13;3;2
12571;2023;11;6424;20000;13;3;2
12578;2023;11;3303;40000;13;3;2
12580;2023;11;3727;18000;13;3;2
12582;2023;11;4947;13000;13;3;2
12584;2023;11;4687;40000;13;3;2
12589;2023;11;6324;20000;13;3;2
12590;2023;11;6381;40000;13;3;2
12608;2023;11;3152;40000;13;3;2
12626;2023;11;3932;12000;13;3;2
12637;2023;8;5865;11580;13;3;2
12655;2023;11;4303;45000;13;3;2
12661;2023;11;5794;18000;13;3;2
12693;2023;11;4635;30000;13;3;2
12720;2023;11;3397;15000;13;3;2
12721;2023;11;4355;22000;13;3;2
12723;2023;11;6761;10500;13;3;2
12728;2023;11;3243;13000;13;3;2
12731;2023;11;3622;30000;13;3;2
12734;2023;11;3136;15000;13;3;2
12738;2023;11;4517;20000;13;3;2
12745;2023;8;5970;26976;13;3;2
12746;2023;4;5096;19840;13;3;2
12747;2023;10;5096;13760;13;3;2
12751;2023;11;4635;30000;13;3;2
12754;2023;11;3754;40000;13;3;2
12756;2023;11;5552;12000;13;3;2
12759;2023;11;4782;30000;13;3;2
12770;2023;11;5540;30000;13;3;2
12774;2023;11;3808;12800;13;3;2
12803;2023;11;4039;38000;13;3;2
12804;2023;11;3365;29600;13;3;2
12806;2023;11;6061;35000;13;3;2
12807;2023;11;6061;40000;13;3;2
12819;2023;11;5679;15000;13;3;2
12820;2023;11;5594;30000;13;3;2
12840;2023;11;5281;35000;13;3;2
12892;2023;11;5885;30000;13;3;2
12935;2023;11;6180;26000;13;3;2
12958;2023;11;3215;12000;13;3;2
12985;2023;11;3183;16400;13;3;2
12990;2023;11;5889;30000;13;3;2
13006;2023;11;3622;20000;13;3;2
13008;2023;11;3666;30000;13;3;2
13026;2023;11;3622;14000;13;3;2
13028;2023;11;4355;48000;13;3;2
13039;2023;11;4824;11000;13;3;2
13041;2023;11;4236;10500;13;3;2
13045;2023;11;5756;22200;13;3;2
13054;2023;11;5861;15000;13;3;2
13058;2023;11;5904;40000;13;3;2
13075;2023;11;4355;38000;13;3;2
13076;2023;11;3144;11000;13;3;2
13079;2023;11;6061;20000;13;3;2
13081;2023;11;6061;20000;13;3;2
13088;2023;11;3632;14800;13;3;2
13093;2023;11;4674;22200;13;3;2
13103;2023;11;4039;19000;13;3;2
13115;2023;11;5259;40000;13;3;2
13117;2023;11;3667;29600;13;3;2
13127;2023;11;3911;32000;13;3;2
13129;2023;11;4637;30000;13;3;2
13133;2023;11;4184;39999;13;3;2
13138;2023;11;3152;40000;13;3;2
13148;2023;11;5379;19500;13;3;2
13150;2023;11;5594;10000;13;3;2
13152;2023;11;5259;40000;13;3;2
13168;2023;11;6061;20000;13;3;2
13169;2023;11;3866;15000;13;3;2
13175;2023;11;5106;21000;13;3;2
13186;2023;11;6322;22200;13;3;2
13188;2023;11;3754;35000;13;3;2
13218;2023;11;3569;18000;13;3;2
13230;2023;11;4990;40000;13;3;2
13237;2023;11;5458;20000;13;3;2
13242;2023;11;6424;20000;13;3;2
13253;2023;11;6265;30000;13;3;2
13258;2023;11;5794;18000;13;3;2
13259;2023;11;4877;12000;13;3;2
13266;2023;11;3506;39600;13;3;2
13273;2023;11;4555;20000;13;3;2
13288;2023;11;3216;25000;13;3;2
13301;2023;11;3926;40000;13;3;2
13317;2023;11;6427;14800;13;3;2
13333;2023;11;4160;40000;13;3;2
13340;2023;11;4364;30000;13;3;2
13344;2023;11;4160;30000;13;3;2
13353;2023;11;3777;12000;13;3;2
13365;2023;12;3349;45000;13;3;2
13381;2023;12;4757;15000;13;3;2
13385;2023;12;3258;18000;13;3;2
13397;2023;12;3764;40000;13;3;2
13403;2023;12;3396;22200;13;3;2
13419;2023;12;4938;28000;13;3;2
13423;2023;12;4014;26000;13;3;2
13427;2023;12;3759;28000;13;3;2
13454;2023;12;4824;25000;13;3;2
13459;2023;12;5255;36000;13;3;2
13490;2023;12;6158;35000;13;3;2
13493;2023;12;6238;12000;13;3;2
13494;2023;12;6238;38000;13;3;2
13501;2023;12;3182;18000;13;3;2
13516;2023;12;3417;35000;13;3;2
13531;2023;12;4355;42000;13;3;2
13542;2023;12;6061;40000;13;3;2
13556;2023;12;6238;12000;13;3;2
13558;2023;12;3222;10000;13;3;2
13563;2023;12;5968;15000;13;3;2
13566;2023;12;5663;30000;13;3;2
13605;2023;12;4663;35000;13;3;2
13609;2023;12;4448;16000;13;3;2
13615;2023;12;4635;30000;13;3;2
13620;2023;12;6077;40000;13;3;2
13622;2023;12;3118;12000;13;3;2
13624;2023;12;4516;12000;13;3;2
13629;2023;12;4314;14500;13;3;2
13636;2023;12;3743;30000;13;3;2
13638;2023;12;6158;35000;13;3;2
13640;2023;12;6062;19000;13;3;2
13642;2023;12;4563;48000;13;3;2
13646;2023;12;4332;39000;13;3;2
13647;2023;12;5968;25000;13;3;2
13657;2023;12;5230;25000;13;3;2
13667;2023;12;4860;30000;13;3;2
13668;2023;12;3064;20000;13;3;2
13673;2023;12;4947;15000;13;3;2
13676;2023;12;4601;13000;13;3;2
13684;2023;12;4483;13700;13;3;2
13686;2023;12;4355;38000;13;3;2
13696;2023;12;5693;10900;13;3;2
13703;2023;12;4635;48000;13;3;2
13704;2023;12;3697;25000;13;3;2
13741;2023;12;5712;16000;13;3;2
13751;2023;12;5904;40000;13;3;2
13752;2023;12;3632;46000;13;3;2
13755;2023;12;6077;40000;13;3;2
13761;2023;12;5210;16000;13;3;2
13762;2023;12;6752;10000;13;3;2
13771;2023;12;3778;36500;13;3;2
13786;2023;12;6102;45000;13;3;2
13789;2023;12;5694;35000;13;3;2
13790;2023;12;6752;20000;13;3;2
13791;2023;12;6752;24000;13;3;2
13801;2023;12;6425;12000;13;3;2
13802;2023;12;5849;21500;13;3;2
13807;2023;12;6238;38000;13;3;2
13816;2023;12;4894;25000;13;3;2
13822;2023;12;4160;45000;13;3;2
13823;2023;12;4160;30000;13;3;2
13825;2023;12;5326;10000;13;3;2
13827;2023;12;4975;29333;13;3;2
13842;2023;12;5861;30000;13;3;2
13860;2023;12;5587;14000;13;3;2
13863;2023;12;6061;45000;13;3;2
13866;2023;12;3637;37000;13;3;2
13869;2023;12;5679;30000;13;3;2
13870;2023;12;3637;37000;13;3;2
13880;2023;12;4564;40000;13;3;2
13891;2023;12;3516;22000;13;3;2
13899;2023;12;5541;32000;13;3;2
13906;2023;12;3397;15000;13;3;2
13921;2023;12;4355;42000;13;3;2
13924;2023;12;4831;26500;13;3;2
13925;2023;12;4355;22000;13;3;2
13934;2023;12;6819;16000;13;3;2
13935;2023;12;3397;15000;13;3;2
13936;2023;12;3397;14800;13;3;2
13940;2023;12;4355;42000;13;3;2
13959;2023;12;4326;20000;13;3;2
13960;2023;12;4355;22000;13;3;2
13979;2023;12;5861;38000;13;3;2
13988;2023;12;5822;33000;13;3;2
13989;2023;12;4355;38000;13;3;2
13994;2023;12;3625;22000;13;3;2
14026;2023;12;5255;35000;13;3;2
14028;2023;12;4635;35000;13;3;2
14044;2023;12;5861;35000;13;3;2
14095;2023;1;3631;12000;13;3;2
14210;2023;1;3794;26000;13;3;2
14250;2023;1;6007;18000;13;3;2
